id;label
24717;0
4265;0
10956;0
33553;0
39384;1
18221;0
25226;0
22870;0
2315;1
2890;0
3103;0
9329;0
29467;0
31134;0
38803;0
32884;0
6578;0
33663;0
33622;0
36256;1
17072;0
32589;0
22845;0
17828;0
24506;0
25399;0
3974;0
27546;0
4449;0
3114;0
3691;0
2010;0
26602;0
3993;0
36830;0
23139;0
40715;1
542;0
25969;0
27969;0
14610;0
21773;0
19975;0
36370;0
1192;0
7379;0
21271;0
21460;0
20035;0
37444;0
23551;0
2451;0
22531;0
5866;0
16049;0
24509;0
22799;0
11692;0
4124;0
29361;0
12756;0
22132;0
10105;0
11625;0
18172;0
22313;0
22428;0
15177;0
4593;0
12842;0
5889;0
2773;0
34297;0
32832;0
5307;0
3283;0
14832;0
39379;1
28208;0
26477;0
39751;0
11500;0
16273;1
6928;0
16392;1
36143;0
40572;0
32336;0
7833;0
5185;0
4257;0
12969;0
29059;0
5890;0
21093;0
9996;0
17916;0
17501;0
36318;0
28335;0
3638;0
12516;0
23827;0
36629;0
32466;0
26990;0
18070;0
11655;0
10920;0
37463;1
13241;0
31547;0
26829;0
36247;0
14480;0
17386;0
29521;0
9027;0
15944;0
6080;0
24614;0
29357;0
36205;0
3013;0
18830;0
33442;0
14884;1
39227;1
12376;0
39341;1
32439;0
946;0
13658;0
35194;0
33011;0
36874;0
30814;0
13659;0
701;0
39356;0
11992;0
21433;0
9880;0
40471;0
19220;0
30377;1
33628;0
32990;0
9667;0
11688;0
7261;0
38194;1
39876;1
5259;0
6811;0
1819;1
32288;1
39106;1
21559;0
11737;1
8349;0
36349;0
40402;1
12453;0
25388;0
25224;0
17967;0
9429;0
34940;0
4059;0
37279;1
36031;0
16735;0
11526;0
3061;0
2826;0
11777;0
30188;1
24705;1
2904;0
7187;0
8505;0
1449;0
21303;0
33855;0
20862;0
40740;1
9969;0
28495;1
39424;1
7299;0
29600;0
13554;0
6686;0
29789;0
23826;0
29437;0
30343;1
30490;1
35861;0
36576;0
19521;1
4403;0
3146;0
14584;0
39593;0
35789;0
31049;0
33052;0
8473;0
12655;0
36656;1
13910;0
28399;0
24762;0
29099;0
29836;0
29007;0
3399;0
34872;0
14050;1
22589;0
23134;0
40292;1
30474;0
30296;0
13581;0
28957;0
26200;0
31738;0
6963;0
8768;0
29469;0
684;0
25658;0
21653;0
16548;0
14926;0
1992;0
21748;0
11801;0
18993;0
6978;0
25731;1
20165;0
35684;1
9439;0
6363;0
19370;0
30957;0
19113;0
19593;0
1838;0
8509;0
8071;0
31529;0
7848;0
37085;0
33050;0
14172;0
1384;0
5982;0
15604;0
9029;0
35624;0
34218;0
397;0
33115;0
12875;0
38961;1
18740;0
13077;0
36344;0
40504;1
32469;0
35429;0
24436;0
13754;0
13808;0
1813;0
1664;0
13883;0
9636;1
19118;0
25428;0
26046;0
10425;0
40284;1
32923;0
32661;0
39191;1
6868;0
13065;0
38099;0
10411;0
28665;0
8929;0
12242;0
3796;0
11415;0
31619;0
1520;0
8321;0
5138;0
2795;0
12040;0
21502;0
10243;0
3398;0
9687;0
8501;0
22503;0
34055;0
13950;0
677;0
36658;0
11265;0
16975;0
32947;0
2020;0
7436;0
41153;1
980;0
40818;0
10261;0
18314;0
21793;0
19496;0
21830;0
29403;0
35072;1
28365;0
8101;0
31535;0
20563;0
7019;0
40146;1
21921;0
35604;0
40210;1
39633;0
32467;0
14053;0
31693;0
26425;0
25643;0
36279;0
14145;0
12889;0
26723;0
34675;1
14449;0
27289;1
31789;0
40022;0
4858;0
4193;0
7896;0
33311;0
24861;0
26191;0
27847;0
412;0
5921;0
4783;0
15167;0
39129;0
30415;0
25012;0
27619;0
7583;0
434;0
430;0
10842;0
6879;0
27665;0
36418;0
33706;0
2935;0
33500;0
39362;0
13564;0
13937;0
27417;0
23248;0
15269;1
3585;0
37317;0
13168;0
24770;0
25749;0
32855;0
18674;0
21326;0
22705;0
21877;0
37912;0
31610;0
35641;0
9085;0
33519;0
26398;1
24790;0
10461;0
14207;0
11334;0
30807;0
41058;1
28675;0
16096;0
21215;0
25823;0
37496;0
2379;0
6897;0
21131;0
23005;0
17105;0
10595;0
30187;0
33518;0
39073;0
29993;0
34351;0
10831;0
9983;0
13544;0
40269;0
6496;0
15960;0
21128;0
19023;0
25414;0
5475;0
2357;0
11529;1
39983;1
30073;0
29666;0
20613;0
22369;0
9976;0
39774;1
4582;0
21055;0
5416;0
6793;0
39526;1
29903;0
31308;0
30341;0
9172;0
3817;0
38094;0
11223;0
22400;0
21180;0
33748;0
783;0
14101;0
21841;0
36343;0
13105;0
27655;0
32350;0
39029;0
14346;0
2815;0
15123;0
36127;0
9649;0
37999;0
24806;0
29594;0
4782;0
39932;0
5207;0
9776;0
30568;1
1007;0
40079;1
21009;0
14195;0
9215;1
18911;0
39290;0
13485;0
17108;0
7902;0
10880;0
32980;0
20975;1
3587;0
20393;0
40227;1
40329;1
5383;0
7155;0
12965;0
33686;0
7482;0
16064;0
20670;0
26588;1
5986;0
2792;0
22945;0
4513;0
39647;0
34800;0
61;0
20955;0
2034;0
20827;0
10474;0
30479;0
26091;0
33904;0
5595;0
12459;0
1411;0
12922;0
8070;0
14768;0
22608;0
27925;1
8805;0
1726;0
1683;0
16663;0
3198;0
8598;0
17306;0
39289;1
18130;0
20386;0
19231;0
13858;0
3676;0
28906;0
29810;0
31819;0
22025;0
26976;0
6049;0
23626;0
9420;0
21117;0
18532;0
25494;0
22057;0
13559;0
35336;0
21106;0
37682;1
11756;0
28123;1
37486;0
3120;0
33399;0
6062;0
6570;0
12104;0
26672;0
11144;0
36175;0
25132;0
25413;0
31240;0
39312;1
25076;0
13575;0
10352;0
21587;0
26152;0
12424;0
38101;0
6479;0
4835;0
25450;0
30056;1
28438;0
14443;0
31501;0
1051;0
15389;0
31646;0
32328;1
26326;0
27843;0
30723;1
16404;0
27550;0
18616;0
15855;0
33534;0
18342;0
34528;0
1020;0
4615;0
26628;0
26394;1
24783;0
6340;0
6299;0
8232;0
12870;0
9401;0
2272;0
20772;0
9616;0
4626;0
11943;0
7192;0
30555;1
21346;0
7115;0
10855;0
18795;0
22671;0
31080;0
26252;0
28717;0
39862;0
34430;1
19117;0
12438;0
1082;0
1177;0
26330;0
25600;0
10354;0
3632;0
24340;0
19378;1
40018;0
22241;0
34944;0
27535;0
9384;0
17589;0
39999;1
25090;0
38068;0
12610;0
883;0
34823;0
8002;0
13557;0
27106;0
11457;0
11793;0
26609;0
19434;0
39836;0
27552;0
40712;0
18804;0
32800;0
37413;0
32703;0
16233;0
22301;0
2324;0
7795;0
7890;0
12271;0
12008;0
40117;1
8147;0
9773;0
2443;0
26168;0
12323;0
37380;0
40750;0
30731;0
16109;0
19615;0
8507;0
7170;0
5041;0
7946;0
17189;0
23419;0
21094;0
30801;0
18465;0
33739;0
4875;0
7557;0
37438;0
34198;0
3039;0
41131;0
21089;0
38824;1
35990;0
35715;0
653;0
36503;0
22881;0
12878;1
3706;0
4811;0
25764;0
11401;0
4140;0
10908;0
30557;0
24987;0
36049;0
7792;0
29139;0
28715;1
18390;0
28864;0
11215;0
28877;0
680;0
11315;0
7555;1
21257;0
8064;0
34339;0
31833;0
37587;0
33418;0
23409;0
1626;0
14632;0
37910;1
28805;1
25634;0
30885;0
12024;0
22039;0
32541;0
37003;0
27163;0
38342;0
28138;0
14889;0
15451;0
3876;0
38919;0
21044;0
21579;0
11033;0
11281;0
15642;1
20168;0
19075;0
36139;0
1607;0
19486;0
7765;0
22173;0
33618;0
39826;0
4160;0
30905;0
9090;0
3209;0
38720;1
28939;1
11896;0
40333;0
13285;0
12443;0
21853;1
6286;0
29677;0
19120;0
32643;0
30875;0
30112;1
33842;0
40839;1
20609;0
18777;1
21349;0
41032;1
24540;0
20173;1
18831;0
2725;0
12330;0
32586;0
3981;0
37039;0
197;0
11850;0
8065;0
8998;0
20828;0
14673;0
33287;0
31539;0
39335;0
1472;0
11665;0
17492;0
9861;0
34540;0
16014;0
713;0
26282;0
870;1
8790;0
11684;0
12715;0
34333;0
29923;0
5960;0
4218;0
18633;0
10419;0
24265;0
32823;0
24551;0
40173;0
6108;0
16555;0
21294;0
31339;0
17442;0
37284;0
4758;0
14579;0
15249;0
33603;0
27939;0
22820;0
355;0
26603;0
29396;0
15490;0
35975;0
40971;0
27147;0
12120;0
33411;0
20548;0
15677;0
10412;0
29533;0
19526;0
35385;0
363;0
5522;0
26470;1
21903;0
31418;0
37470;1
11989;0
9997;0
23635;0
609;0
9035;0
22869;0
280;0
14466;0
896;0
17424;0
19394;0
10691;0
30669;0
9101;1
35249;0
35974;0
16550;0
14811;0
23416;0
24720;0
3664;0
20186;0
24390;0
21302;0
17812;0
24647;0
39264;0
13683;0
37936;0
25508;0
32630;0
6876;0
35388;0
8257;0
3926;0
26256;0
28769;0
4576;0
7995;0
11760;0
1859;0
26898;0
10323;0
19096;0
9193;0
41011;1
36383;0
36845;0
7891;0
24407;0
28903;0
27657;0
11085;0
39481;1
34320;0
38234;1
6725;0
6094;0
17432;0
22149;0
25189;0
24003;0
25644;0
17370;0
15382;0
25009;0
38869;0
30553;0
26490;0
38713;0
11305;0
24259;0
25285;0
9514;0
34059;0
1645;0
28210;0
23370;0
14693;0
30742;0
34851;0
31923;0
40890;0
251;0
10314;0
31748;0
23763;0
4762;0
32104;0
23307;0
10674;0
9980;0
5305;0
37429;0
40047;0
30235;1
17388;0
18264;0
30811;0
40115;1
8173;0
19541;0
1580;0
37603;1
13997;0
12356;0
20790;0
17042;0
32561;0
7169;0
35460;0
14259;0
8662;0
17533;0
7619;0
10850;0
1864;0
4660;0
29501;0
28574;1
19073;0
5035;0
15821;0
24360;0
19171;0
26331;0
10889;0
33768;0
27274;0
36447;0
4526;0
2422;0
10688;0
10564;0
22111;0
804;0
36186;0
7056;0
30684;0
5686;0
23366;0
7776;0
3099;0
40769;1
7884;0
12349;0
34883;0
3294;0
6018;1
14684;1
16260;0
21386;0
1045;0
11959;0
30621;1
27545;0
5711;0
13748;0
40325;0
742;0
15195;1
37306;0
20629;1
36251;0
23011;0
12996;0
14734;0
41144;0
34958;0
18449;0
24936;0
30218;1
17091;0
16791;0
33911;0
11646;0
7641;0
36797;0
5799;0
25736;0
5491;0
14827;0
9472;0
13333;0
38183;0
33233;0
9321;0
16208;0
4992;0
40965;0
19796;0
293;0
40579;0
20663;0
32887;0
38282;1
15203;0
10313;0
10551;0
35525;0
40822;1
17588;0
9041;0
39717;1
35290;0
19169;1
35851;0
31093;0
18502;0
34637;0
30806;0
30657;0
11104;0
5062;0
20464;0
9723;0
3976;0
6927;0
33571;0
22762;0
23133;0
19534;0
34462;0
27938;0
21784;0
11594;0
38258;1
6858;0
2133;0
5265;0
21542;0
8487;0
4976;0
28708;0
18357;0
27991;0
29866;0
22205;0
12732;0
40868;1
39636;1
22663;0
10137;0
36034;1
2074;0
12295;0
35139;0
22139;0
40598;1
7112;0
27362;0
5801;0
10312;0
22230;0
22572;0
14754;0
10428;0
18601;0
29957;0
20900;0
3741;0
31984;1
14034;0
23924;0
4717;0
26721;0
28055;0
26968;0
5232;0
19396;0
4366;0
26237;0
26376;0
24947;0
8825;0
3182;0
12945;0
9685;0
12101;0
18213;0
5759;0
7685;0
21693;0
5047;0
12982;1
4071;0
40637;0
34050;1
35364;0
25693;0
39982;1
20499;0
31032;0
19665;0
24459;0
34439;0
29435;0
34575;0
16668;0
26973;0
27121;0
2575;0
37287;1
20591;0
30374;0
17139;0
33297;0
16112;0
30944;0
38526;0
6079;0
32662;0
38710;1
26022;0
26042;0
37426;0
11204;0
22150;0
33168;0
39905;1
39063;1
3067;0
41050;1
34654;1
28376;0
2729;0
1754;0
20098;0
33533;0
15473;0
21816;0
594;0
6100;0
39434;0
38121;0
23603;0
15127;0
14123;0
31030;0
17462;0
21207;0
7528;0
31927;0
27666;0
11475;0
31544;0
11488;0
1635;0
1865;0
19197;0
30994;0
39790;0
4295;0
7370;0
27536;0
27787;1
10862;0
18844;0
13316;0
11426;0
28767;0
12885;0
37856;0
20865;0
12502;0
23275;0
602;0
26594;0
20110;0
39417;0
18865;0
23857;0
24013;0
32528;0
35628;0
29018;0
4685;0
38187;0
41126;1
7987;0
39370;1
27902;0
19795;0
23278;0
19449;1
29376;0
14384;0
30701;0
8018;0
19283;0
8724;0
40787;1
38998;0
2025;0
11312;0
36977;1
24858;0
7736;0
37490;0
37159;0
36635;0
6097;0
31867;1
37445;0
24325;0
21418;0
1206;0
30334;0
30399;1
14197;0
20600;0
525;0
7567;0
1274;0
23441;0
378;0
15200;0
25162;0
14481;0
577;0
12373;0
8861;0
13497;0
35527;0
5179;0
16017;0
11103;0
21521;0
33810;0
19367;0
40615;0
7726;0
25653;0
38865;0
24156;0
22706;0
6561;0
7581;0
30528;0
16615;0
30216;0
25172;0
13408;0
36942;0
35802;0
1021;0
20424;0
29260;0
25029;0
30511;0
21156;0
1918;0
35117;1
14248;0
21114;0
16280;0
36735;1
35300;0
18553;1
30619;1
25575;1
33908;1
17766;0
27872;0
31684;0
21147;1
1385;0
5636;1
29025;0
30192;0
1186;0
25491;0
12391;0
21565;0
14869;0
35979;1
34848;0
977;0
24698;0
17414;0
40998;0
2399;0
18908;0
32720;1
29538;0
13355;0
20108;0
20107;0
40283;1
28381;1
14552;0
39146;0
29481;0
21064;0
38779;1
8900;0
26176;0
39058;1
7020;0
25100;0
8775;0
4427;0
34864;0
26020;0
39221;1
37391;0
40006;0
14014;0
2493;0
12850;0
16431;0
7801;0
991;0
24417;0
14387;0
4302;0
11815;0
26646;0
1945;0
25769;0
18785;0
34447;0
22559;0
6337;0
32126;0
9113;0
24550;1
36142;0
26635;0
14336;0
16844;0
15035;0
2568;0
15165;0
24631;0
37059;0
1222;0
33426;0
10289;0
20455;0
34030;0
31060;0
28308;1
17896;0
19205;1
20954;0
33856;0
22096;0
29569;0
33330;0
40120;1
5633;0
2559;0
11748;0
2534;0
9790;0
12593;0
2755;1
20621;1
33980;0
36730;0
30459;1
19314;0
13580;0
6222;0
1244;0
36786;0
27107;0
39613;1
1549;0
33298;0
17837;0
22851;0
14920;0
15128;1
1910;0
28826;0
37590;0
5253;0
24712;0
40861;0
12382;0
1648;0
39134;1
24769;0
23769;0
36163;0
3848;0
33438;1
3423;0
13871;0
607;0
24848;0
20520;0
287;0
21011;1
30702;0
2392;0
12002;1
676;0
19880;0
25241;0
26286;0
26742;0
25841;0
15571;0
3388;0
11877;0
38097;0
13068;0
18;0
8479;0
39623;1
11719;0
2328;0
6213;1
35740;0
1345;0
20644;0
23309;0
36374;0
30299;0
21489;0
19001;1
37560;0
10044;0
22246;0
17166;0
36108;0
28007;0
36675;1
10943;0
36351;0
15357;1
18205;0
34588;0
40973;1
39652;0
35616;0
23131;0
32027;0
2587;0
12449;0
36268;1
29665;0
15068;0
10984;0
12015;0
26248;0
19936;0
9309;0
17539;0
31420;0
3165;0
23068;0
15934;0
8899;0
36693;1
40549;0
3291;0
16756;0
10361;0
20892;0
35948;1
37630;0
9645;0
20251;0
15207;0
9004;0
26165;0
38570;1
35552;1
22913;0
22436;0
3180;0
29832;0
12087;0
18808;0
7835;1
12830;0
14830;0
30926;0
28514;0
13607;0
11078;0
31460;0
37648;0
23671;0
1502;0
10565;0
2896;0
34638;0
16490;0
8834;0
33057;0
10349;0
18519;0
15758;0
17303;0
24380;0
36382;0
15454;0
10121;0
33604;0
15380;0
11143;0
9691;0
9062;0
23762;0
14458;0
33392;0
15749;0
29273;0
20948;0
3561;0
25272;0
29752;0
4179;0
8839;0
19440;1
26755;0
31872;0
13427;0
27023;0
19871;0
29897;0
6608;0
4467;0
8402;0
28684;0
27391;0
37664;1
23861;0
28946;0
3906;0
26616;0
1928;0
22571;0
14556;0
20466;0
10346;0
10781;0
21655;1
33901;0
36212;0
27518;0
28472;0
37758;1
28474;0
21735;0
16952;0
26384;0
37229;1
15761;1
3746;0
21570;0
22511;0
12563;0
39117;1
8201;0
13200;0
205;0
14399;0
11851;0
14601;0
527;0
24900;0
4190;0
4297;0
2657;0
10488;0
16330;0
32425;0
32178;0
36931;0
17300;0
28880;0
20380;0
27769;1
1748;0
22737;0
26117;0
6455;0
7195;0
10949;0
26428;0
28411;0
33995;0
12444;0
1558;0
2662;0
18690;0
34122;0
28846;0
29925;0
1531;0
2408;0
29253;0
6452;0
4298;0
27775;0
18751;0
36632;0
9968;0
28311;0
29480;0
38209;0
730;0
4634;0
18684;0
34762;0
2750;0
30483;0
36164;1
21430;0
22968;0
22828;0
36434;0
5525;0
30420;0
36596;0
25789;0
7348;0
14638;0
23797;0
29548;0
4043;0
31468;0
806;0
6841;0
874;0
1092;0
22435;0
17820;0
17216;1
32803;0
9886;0
37042;1
28385;0
27738;1
8858;0
35636;0
40196;1
25072;0
20377;0
455;0
14009;0
26485;0
32755;0
336;0
18170;0
12059;0
29223;0
30449;0
38390;0
35617;1
28798;0
12333;0
1377;0
5732;0
15820;0
27423;0
30815;0
21197;0
17421;0
3575;0
9482;0
18227;0
18123;0
32314;0
36606;1
16417;0
37791;0
40076;0
21035;1
8489;1
2174;0
20122;0
7186;0
39720;0
7245;0
6517;0
27718;1
28490;0
4213;0
39567;0
36975;1
40124;0
40530;0
15499;0
16164;0
8797;0
6603;0
36657;0
40131;1
15387;1
12631;0
22087;0
36508;0
40029;0
16820;0
8679;0
39992;1
7782;0
23940;0
3078;0
13239;0
32600;0
6245;0
13354;0
19696;0
16069;0
12857;1
6085;0
22690;0
24480;0
33920;0
22530;0
25300;0
1627;0
12481;0
37251;1
8997;0
12041;1
4851;1
11451;0
21053;0
24052;0
3;0
31209;0
6111;0
35756;0
37462;1
26540;0
32002;0
3011;0
26541;0
13070;0
38408;0
6417;0
17792;0
14284;0
3224;0
30342;1
21562;0
25143;0
19557;0
18626;0
29835;0
2509;0
34742;0
17760;0
19944;0
27955;1
7134;0
26788;0
12257;0
3110;0
26636;0
30183;1
10006;0
31407;1
26445;1
22990;0
21387;0
18732;0
26169;0
29015;0
9704;0
14495;0
23860;0
29947;0
30966;0
33090;0
39777;0
29920;0
3419;0
16256;0
4578;0
19478;0
6594;0
1573;0
1841;0
9564;0
24021;0
172;0
32299;0
28651;0
32713;0
9233;0
20612;0
35339;0
19282;0
5481;0
26005;0
31512;0
29499;0
22525;0
35438;1
16152;0
37505;0
39801;0
32846;0
19604;1
28920;0
18594;0
7589;0
3058;0
34967;0
7474;0
26412;0
23096;0
39602;0
3322;0
37693;1
12489;0
27635;0
26311;0
3435;0
27369;0
13744;0
11381;0
16449;0
34728;0
39061;1
15783;0
38042;1
36994;1
19014;0
31385;0
29507;0
25115;0
12865;0
9356;0
10219;0
32749;0
2830;0
31985;0
15994;1
15422;0
1307;0
37644;0
15545;0
7582;0
20747;0
18068;0
22276;0
31218;0
1713;0
9985;0
10330;0
34244;0
24457;0
35423;0
3790;0
25983;0
37406;1
9240;0
14547;0
9972;0
14111;0
14646;0
2177;0
33421;0
11783;0
8766;0
28618;0
11527;0
21696;0
10109;0
30167;1
38706;1
27521;0
26873;0
30457;0
20551;1
21209;0
3425;0
10267;0
15246;0
9241;0
38495;1
29833;1
37499;0
39124;1
39047;0
12117;0
24983;0
19753;1
11080;0
28918;0
7031;0
28756;0
20072;0
27022;0
11014;0
28171;0
28094;0
34735;1
13081;0
2567;0
6271;0
34188;0
30134;1
33024;0
24976;0
13045;0
18970;0
11682;0
22657;0
39546;0
31174;0
8026;0
26692;1
8889;0
9810;0
6484;0
1882;0
12285;0
14663;0
14656;0
37884;0
19974;1
1875;0
4760;0
30863;0
19584;0
1333;0
39591;1
33137;0
36058;0
26537;0
19642;0
3172;0
899;0
31045;0
7274;0
34746;0
22264;0
21660;0
35895;1
22873;0
34444;0
2068;0
32578;0
19893;0
39141;0
17660;0
9060;0
18392;0
30331;0
4799;0
21848;0
21420;0
8407;0
31475;0
28851;0
23221;0
10228;0
13263;0
5396;0
1917;0
13758;0
10429;0
21141;0
14425;0
30824;0
4795;0
20240;0
6334;0
3015;0
21623;0
13621;0
25744;0
39110;1
28541;0
27432;0
18336;0
17294;0
10977;1
39224;1
18683;0
12657;0
32264;0
15951;1
25641;0
34261;0
17384;0
26413;0
16204;0
23097;0
28703;0
31972;0
4052;0
5713;0
32889;0
24218;0
5807;0
32658;0
31207;0
36619;1
14390;0
7767;0
34455;0
28642;0
34139;0
4373;0
342;0
33409;0
27130;0
40793;0
9485;0
21648;0
33718;1
31860;0
38558;1
10449;0
27637;0
11001;0
24465;0
23848;0
4141;0
21270;0
135;0
37891;0
19277;0
24894;0
36555;0
16966;1
21461;0
39500;1
24555;0
5274;0
26278;0
19230;0
13520;0
10730;0
17460;1
29218;1
381;0
8171;0
288;0
29715;0
14524;0
46;0
34999;0
16646;0
32788;0
36497;1
3125;0
19722;0
16;0
19756;0
38645;0
34863;0
702;0
4793;1
31398;0
3509;0
357;0
29066;0
11068;0
2430;0
5571;0
19383;0
24382;0
36825;1
17026;0
23475;0
11938;0
40748;1
26956;0
16689;0
760;0
24964;0
22974;0
31270;0
39113;0
39288;1
24946;0
27125;0
33854;0
22704;0
34008;0
23748;0
3122;0
3528;0
36783;0
20215;0
35985;1
12224;0
39178;1
31786;0
12526;1
12477;0
12949;0
12775;0
37913;0
27284;0
21049;0
14518;0
9200;0
4360;0
10206;0
36427;0
25680;0
7483;0
26841;0
14791;0
1226;0
25511;0
1899;0
40362;1
9871;0
28637;0
1957;0
25771;0
39857;1
15386;0
14066;0
30842;0
18638;0
12022;0
27574;0
6494;0
4864;0
12377;0
36538;0
20825;0
1981;0
6525;0
12232;0
35875;0
31457;0
25705;0
16855;0
30930;0
34041;0
8506;0
7839;0
7733;0
40703;1
8599;1
29071;0
32396;0
14620;0
26504;0
31853;0
13860;0
20181;0
21464;0
2013;0
21096;0
32458;0
20529;1
12234;0
39838;0
9526;0
11277;0
19438;0
14716;0
19243;0
16030;0
9098;0
9367;0
1128;0
35886;0
20740;0
6287;0
27610;0
31281;0
31431;0
40113;0
23923;0
4887;0
18204;0
39783;0
14765;0
20778;0
24648;0
32431;0
2075;0
7167;0
40056;1
39700;0
2917;0
26086;0
13508;0
26225;0
1997;0
1196;0
2243;0
20697;0
17240;0
17351;0
21299;0
16648;0
14414;0
27462;0
7476;0
1611;0
4899;1
16612;0
4869;0
39168;0
10569;0
9822;0
14215;0
3902;0
12884;0
35104;0
33464;0
6813;0
36178;0
29452;1
8104;0
11244;1
25405;0
16552;0
34509;0
36350;1
17755;0
35376;0
17572;0
32175;0
37292;1
34676;0
37614;0
20751;0
20692;0
7130;0
25340;0
12419;0
2195;0
11008;0
625;0
18910;0
35869;0
17525;0
30606;0
7181;0
18936;0
19544;0
14787;1
23987;0
32496;0
26062;0
13835;0
33351;0
35924;1
40398;1
3085;0
14016;0
16339;0
25150;0
36591;1
37659;0
114;0
40201;1
28101;0
39989;1
38295;0
10233;0
7927;0
1811;0
38021;1
23670;0
5545;0
2688;0
20947;0
4238;0
11701;0
3990;0
15665;0
28317;0
6810;0
23245;0
29799;0
27815;0
26948;0
7447;0
32752;0
25735;0
19894;1
12436;0
9031;0
12774;0
12253;0
36228;0
792;0
16420;0
2857;0
10901;0
212;0
33382;1
14698;0
9530;0
21373;0
25437;0
28562;0
38133;0
29787;0
7212;0
3489;0
21116;0
12995;0
33154;1
6976;0
24020;0
17100;0
26360;0
10054;0
41062;0
18015;0
19160;0
35310;0
4277;0
3994;0
10297;1
36516;0
25890;0
39852;1
25865;0
25541;0
17621;0
25509;0
33157;0
34699;0
908;0
15806;0
15336;0
5543;0
28961;0
1756;0
18317;1
9322;0
10256;0
34781;0
32054;0
15624;0
20672;0
13878;0
39911;1
37266;0
5561;0
26082;0
21471;0
39603;1
2944;0
8095;0
436;0
10469;0
38279;0
22106;0
1023;0
28457;0
29022;0
34926;0
24906;0
31828;0
12581;0
1719;0
9470;0
35555;0
18544;0
40927;1
24817;0
8322;0
11611;0
4966;0
29298;0
31396;0
29683;0
27603;0
1581;0
26617;0
23460;0
6309;0
1488;0
8745;0
7814;1
30075;0
40317;1
32883;0
24091;0
1903;0
6757;0
8367;0
12622;0
10622;0
8225;0
5549;0
1434;0
5536;0
3494;0
4062;0
18463;0
11745;0
12749;0
22388;0
8371;0
28362;0
5500;0
7315;0
38540;1
22420;1
11983;0
24147;0
16326;1
27066;0
17681;0
12149;0
530;0
28600;0
2965;0
11171;0
17239;0
29593;0
17914;0
8318;0
3166;0
33723;0
11174;0
7437;1
11840;0
4959;0
36053;0
5348;0
15546;0
17845;0
33958;0
19723;0
34635;0
7148;0
26676;1
31606;0
14329;0
11820;0
5654;0
683;0
33696;0
10637;0
13582;0
5110;0
33389;0
31381;0
2134;0
19701;0
2180;0
7558;0
10507;0
13632;0
1835;0
35807;0
15701;0
27005;0
18238;0
35049;1
27232;0
30035;0
30765;0
1914;0
16799;0
24238;0
29973;0
33809;0
9305;0
20728;0
11816;0
22700;0
32222;0
31889;0
9527;0
20201;0
20527;0
39323;1
35226;0
18182;0
766;0
22740;0
1109;0
25213;0
8676;0
29703;0
32797;0
15162;0
38682;1
30066;0
30348;1
9725;0
30565;1
6533;0
25420;1
17754;0
30574;0
3912;0
21191;0
13588;0
13963;0
2030;0
15149;0
7254;0
37920;0
29966;0
13401;0
13776;0
24782;0
35611;0
30379;0
10995;0
10333;0
39588;1
31317;0
32085;0
1750;0
30117;0
16769;0
33362;0
22964;1
26144;0
26411;0
7350;0
13504;1
33659;0
31914;0
25858;0
10538;0
29027;0
6154;0
20537;1
36787;0
7688;0
38368;0
28913;0
22035;0
17161;0
24323;0
2127;0
9021;0
12206;0
20946;0
22747;0
11131;0
17540;0
13315;0
33629;0
20764;0
19952;0
26244;1
32026;0
1116;0
15121;1
14114;0
29016;0
5956;0
19292;0
13434;0
15134;0
24801;0
3104;0
16267;0
26748;0
4729;0
37345;1
30603;0
5572;0
2480;0
15435;0
35302;0
26307;0
8296;0
2702;0
16949;0
29627;0
38367;0
39832;0
14562;0
21491;0
1868;0
9748;0
32830;1
39491;1
16707;0
36944;1
37165;1
14359;0
32626;0
2022;0
17071;0
38519;0
21234;0
4217;0
2582;0
36371;1
31173;0
20773;1
29118;0
18813;0
28772;0
38938;1
20216;0
19019;0
20476;0
1396;1
1593;0
18517;0
11408;0
13398;0
27627;0
6605;1
24411;0
1812;0
29311;0
22123;0
14025;0
10392;0
25065;0
4084;0
569;0
32273;0
13894;0
24413;0
34281;0
37960;1
26685;0
30798;0
38679;1
4787;0
17984;0
36601;1
4115;0
39332;0
37101;0
10407;0
6443;0
1657;0
27741;0
14043;0
25057;0
25964;0
32901;0
38247;0
29589;0
2996;0
39547;1
40682;1
39869;1
32642;0
16977;0
16282;0
18315;0
35402;0
34094;1
19755;0
26343;0
40248;0
8452;0
24637;0
18898;0
25810;0
26389;0
18177;0
40781;1
4223;0
22692;0
26528;0
32988;1
18792;0
11497;0
9927;0
11915;0
2490;0
38171;0
4368;0
32558;0
14091;0
22597;0
27097;0
22371;0
337;0
11903;0
31215;0
7129;0
33942;0
21939;0
37097;0
39731;1
372;0
3579;0
40413;1
7665;0
25582;0
21967;0
30369;0
22010;0
31796;0
15227;0
13348;0
38196;0
21244;0
24521;0
32718;0
14713;0
3594;0
30961;0
24885;0
11812;0
9826;0
19002;0
11874;0
9425;0
36608;1
21051;0
30906;0
641;0
32312;0
8154;0
22222;0
12414;0
28747;0
34102;0
7093;0
1451;0
17981;0
25989;0
12911;0
10749;0
22970;0
10396;0
32994;0
29475;0
4558;0
30899;0
33625;0
14670;0
2003;0
4721;0
23160;1
6643;0
1804;0
32416;0
18166;0
9999;0
6282;0
32971;0
39797;1
38553;0
28901;0
10089;0
9794;0
3591;0
3163;0
2306;0
14721;0
15469;0
38446;1
7490;0
26972;0
40723;1
31827;0
7723;0
36179;0
22710;0
26915;0
15560;0
17112;0
19879;0
30327;0
182;1
14608;0
32925;0
840;0
20791;0
14836;0
35026;0
30707;0
21627;0
27884;0
38730;0
14059;0
7194;0
35674;0
6273;0
1452;0
21915;0
14759;0
37398;0
34763;0
9771;0
29053;0
30844;1
34436;0
667;0
22630;0
38641;1
28092;0
30101;1
36599;0
654;0
5212;0
34277;0
21609;0
41053;0
35069;0
58;0
13419;0
5859;0
21775;0
8019;0
30911;0
21591;0
23832;0
6866;0
13047;0
26131;0
22367;0
19681;0
22797;0
18195;0
31195;0
37400;0
28628;1
12601;0
37144;0
7174;0
1308;0
29706;0
40832;0
5527;0
37927;0
18781;0
10325;0
33462;0
8135;1
7067;0
11479;0
39483;0
30576;0
17413;0
18961;0
626;0
8740;0
14061;0
6912;0
25831;0
39220;1
40609;0
11429;0
19641;0
22044;0
5255;0
26233;0
37640;1
5598;0
16937;0
24810;0
31817;0
34972;0
20269;0
33743;0
7975;0
3107;0
20541;0
18445;0
38203;0
9739;0
23714;0
27252;0
39225;1
12354;0
15888;0
40243;1
17356;0
22462;0
34512;0
8335;0
24989;0
5490;0
29869;0
38377;0
10190;0
22886;0
3897;0
24037;1
6612;0
11492;1
2401;0
16400;0
29504;0
19547;0
16343;0
19065;0
21681;0
25190;0
34105;0
29739;1
26226;0
7650;0
38908;0
33420;0
36038;1
23746;0
32365;0
20164;0
3112;0
17387;0
8215;0
27191;0
39347;0
21109;0
31454;0
20202;0
19341;0
10200;0
10976;0
338;0
33641;0
26277;0
37845;0
40696;0
35887;0
1025;0
34178;0
39908;0
14199;0
23454;0
15630;0
27299;0
3346;0
10023;0
16221;0
6799;0
24308;0
4416;0
39761;0
24851;0
30580;0
8401;0
25935;0
37222;0
38812;0
39049;0
35966;0
31666;0
32730;1
12927;0
15219;1
17862;0
20225;0
25997;0
12371;0
38326;0
10377;0
29688;0
33110;0
40948;0
10302;0
28953;0
6459;0
32516;0
25562;0
17003;0
36233;1
6592;0
7468;0
37315;0
13046;0
256;0
31283;0
37728;0
4647;0
31095;0
37602;1
32024;0
19245;1
12800;0
17893;0
20283;0
5357;0
37355;1
25277;0
19217;0
29324;0
7980;0
10653;0
21028;0
10591;0
2465;0
12256;0
35959;0
23359;0
21263;0
13287;0
22925;0
8862;0
29714;0
16846;0
29845;0
39935;0
19224;0
13751;0
5389;0
29710;0
34;0
4024;0
39163;1
21185;0
33972;1
37246;0
12033;0
40661;1
1493;0
29076;1
22147;0
32453;0
19163;0
15818;0
24624;0
1869;0
26431;0
928;0
23795;0
21546;0
31602;0
5076;0
23315;0
15961;0
28340;0
26884;1
13113;0
26406;0
32918;0
16870;0
15323;0
13576;0
19572;0
17049;0
19271;0
31566;0
1477;0
10704;1
32351;1
20230;1
36803;0
18647;0
26982;0
14451;0
5087;0
27832;1
3328;0
23692;0
12525;0
5006;0
23265;0
30325;0
40133;0
265;0
27287;0
1927;0
10099;0
25561;0
10981;1
15344;1
30716;0
4980;0
3164;0
3189;0
35937;1
5577;0
41006;1
26187;0
19256;0
22634;0
22750;0
35964;1
31852;0
6974;0
26799;0
1258;0
32468;0
32917;0
7123;0
33004;0
9620;0
26316;0
2035;0
14841;0
28838;0
9586;0
25751;0
24544;0
20722;1
37723;1
23532;0
642;0
11588;0
25386;0
38277;1
19148;0
38045;0
21280;0
35124;0
28655;0
2139;0
8565;0
33326;0
16246;0
34513;0
19236;0
37469;0
39330;0
4126;0
29699;0
34938;0
37313;0
24053;1
40473;1
558;0
12553;0
19669;0
14719;0
10895;0
479;0
856;1
40914;0
38658;0
30118;1
19382;0
38807;1
27257;0
10046;0
6661;0
26177;0
3149;0
2524;0
39878;0
38185;0
36197;0
21958;0
6202;0
16829;0
26708;0
20415;0
8223;0
13924;0
26730;0
12940;0
16772;0
17241;0
30324;0
3698;0
894;0
30679;0
14288;0
33270;0
22200;0
30265;0
34604;0
23208;0
8840;0
2237;0
24877;0
20037;0
32294;0
19125;0
12021;0
10292;0
37460;0
40901;1
23495;0
26524;0
12912;0
23631;0
40753;1
40791;0
36518;0
4133;0
24241;0
9813;0
31099;0
5896;0
35017;1
33874;0
4568;0
25802;0
31321;0
9314;0
32238;0
14003;0
20045;0
40813;1
22259;0
26943;0
24835;0
40043;1
6659;0
4900;0
3049;0
7852;0
7308;0
28053;0
41168;0
15158;0
18319;0
40962;0
24520;0
39365;0
39006;0
30551;0
6969;0
7943;0
20021;0
17010;0
30424;1
24202;0
26369;0
15019;0
9315;0
28924;0
19885;0
23616;1
40153;1
3635;0
23110;0
38454;0
33986;0
25139;0
16299;0
18045;0
26372;0
10019;0
29046;0
19992;0
40622;0
25250;0
1823;0
20943;0
4264;1
15436;0
8954;0
33005;0
3671;0
3970;0
3563;0
14666;0
27694;0
8905;0
5019;0
19258;0
20498;0
22842;0
16778;0
24713;0
19136;0
11234;0
882;0
6121;0
34288;1
8406;0
19794;0
15092;0
873;0
3299;0
37290;1
31263;0
5355;0
15063;0
8028;0
20654;0
29924;0
38149;0
2738;0
13974;0
9325;0
34332;0
33914;0
19972;0
2549;0
5649;0
18142;0
1353;0
37193;1
6251;0
8584;0
18753;0
11966;0
9898;0
38781;1
10178;0
18101;0
27117;0
15510;0
10950;0
33631;0
31671;0
10985;0
1820;0
17929;0
18760;0
14187;0
35922;0
17794;0
20149;0
33944;0
3533;0
6325;0
20139;0
21760;0
5840;0
3530;0
69;0
2912;0
37771;1
29489;0
21805;0
23314;0
13182;0
3434;0
5427;0
22328;0
3516;0
16141;0
30122;0
11509;0
30191;0
35170;0
3565;0
22991;0
22332;0
13235;0
5398;0
143;0
4531;0
4497;0
1187;0
29433;0
35189;0
13488;0
972;0
13454;0
35609;0
3491;0
32337;0
3422;0
32163;0
10048;0
8795;0
16804;0
19808;0
12950;0
4673;0
34764;0
8474;0
4718;0
13780;0
6923;0
14011;0
6528;0
26739;0
39728;1
18996;0
22208;0
9095;0
30329;1
4142;0
35934;0
24748;0
33592;0
27064;0
20235;0
11340;0
14621;0
24247;0
22181;0
25147;0
8372;0
38488;1
31563;0
7293;0
39309;1
34077;0
30126;0
30968;0
25003;0
18953;0
36273;0
25807;0
6442;0
17359;1
14104;0
8886;0
22240;0
26266;0
12272;0
1831;0
15166;0
5773;0
25775;0
22919;0
2001;0
26698;0
28400;1
31213;0
10112;0
19966;0
18562;0
18014;0
15799;0
9134;0
1139;0
5608;0
35681;0
22819;0
25524;0
7008;0
36357;0
26518;0
1407;0
17692;0
12642;0
7989;0
36481;1
13131;1
4911;0
22568;0
39199;0
13665;0
31699;0
38469;0
27214;0
39689;0
32664;1
37570;1
2152;0
34019;0
13048;0
29291;0
26844;0
40065;1
34994;0
20284;0
10050;0
37247;0
21524;0
9103;0
14662;0
438;0
36196;0
18320;0
28427;0
30837;0
13385;0
9619;0
38723;1
15341;0
14741;0
34916;0
27503;0
29953;0
5330;0
23617;0
5266;0
4025;0
19115;1
8258;0
26601;0
10800;0
20289;0
1420;0
27425;0
31237;0
32318;0
15959;0
35252;0
34496;0
19186;0
13650;0
1827;0
32395;0
601;0
21486;0
13925;1
19698;0
9175;0
8118;0
31658;1
17208;0
10490;0
7940;0
9202;0
37781;0
6734;0
35380;1
19251;0
21292;0
11994;0
33496;0
5106;0
34431;0
25911;0
30782;0
39404;1
19444;0
40738;1
484;0
40067;1
32842;0
10536;0
7938;0
33560;0
11383;0
29263;0
18965;0
12511;0
29228;1
183;0
10644;0
37424;0
28553;0
40706;0
27061;0
26155;0
5743;0
24706;0
36995;0
11596;0
20991;0
29792;0
2787;0
35367;0
36322;0
16848;0
2554;0
21107;0
5863;1
40433;0
31548;0
33786;0
19742;0
1674;0
39214;0
33655;0
38989;1
23530;0
14541;0
33977;0
2923;0
32575;0
32316;0
2776;0
9524;1
27368;0
28647;0
38280;0
38719;0
21682;0
5275;0
39436;0
35987;0
32591;0
8946;0
35454;0
34587;0
12591;0
21041;0
14404;0
21253;0
32280;0
25765;0
23800;0
14094;0
34954;0
35266;0
17024;0
25594;0
28263;0
9136;0
30786;0
22871;0
35314;0
9006;0
14163;0
36626;1
26506;0
25586;0
19056;0
40042;1
35361;0
19202;0
15464;0
20543;0
6150;0
9507;0
24307;0
38613;0
32320;0
34384;0
6918;0
34177;0
32580;0
30520;0
13091;0
16517;0
32605;0
17751;0
17726;0
39970;1
4730;0
16222;0
5861;0
10531;0
28620;0
28842;0
34274;0
36534;0
36860;0
33910;0
20770;0
4127;0
34235;0
25926;0
3943;0
10166;0
40516;0
24344;0
24420;0
34752;0
17034;1
25284;0
6636;0
30524;0
40613;0
38747;1
3063;0
22652;0
35188;0
14074;1
30138;1
27568;0
2694;0
128;0
29988;1
3953;0
22936;1
27113;0
3859;0
11458;0
16687;0
24441;0
10514;0
31483;0
19488;0
36696;0
22100;0
6351;0
22670;0
34865;0
39944;0
37578;1
22153;0
40270;0
19198;0
37780;0
35661;0
38642;1
19896;0
1118;0
14332;0
22863;0
3704;0
13506;0
36971;1
16428;0
12512;0
10397;0
12521;0
12229;0
26767;1
23824;0
7731;1
3028;0
9409;0
40902;0
27080;0
32757;0
34082;0
18549;0
2883;0
3731;0
33644;0
3737;0
2737;0
10671;0
40051;0
3445;0
17644;0
26805;0
11075;0
11336;0
15726;0
31160;0
27193;0
40828;1
39213;1
19237;0
22890;0
174;0
1487;0
12320;0
6692;0
13985;0
34497;0
8086;0
38972;0
30115;0
18287;0
25482;0
12163;0
1060;0
13587;0
33777;0
22702;0
12429;0
14492;1
21190;0
8176;0
27977;0
15375;0
3666;0
18253;0
24086;0
30470;0
39283;1
14789;1
4780;0
33350;0
32501;0
35781;0
21572;0
1094;0
37916;1
2868;0
30851;0
9831;0
32161;0
39679;0
9500;0
20024;0
4007;0
27379;0
18202;0
25440;0
37949;0
39671;0
21493;0
33182;0
24190;0
7758;0
14803;1
12907;0
39825;0
30727;1
29352;1
11299;0
28011;0
23240;0
22551;0
7188;0
23152;0
21463;0
16248;0
1469;0
9909;0
34593;1
17418;1
38260;1
41075;0
22379;0
20693;0
14971;0
24427;0
6708;0
2619;0
8794;0
31958;0
18921;0
28482;1
17902;0
7861;0
9529;0
16871;0
14107;0
3905;0
33653;0
40743;0
32081;0
15922;0
33111;0
39978;0
29482;0
5627;0
7305;0
28516;0
1563;0
14055;0
39028;1
22251;0
26677;0
8515;0
33770;0
1791;1
32465;0
12075;0
3266;0
17243;0
34434;0
34538;0
1740;0
34113;0
30940;0
19330;0
22538;0
23594;0
40338;0
16088;0
10733;0
8936;0
24652;0
5865;0
4702;0
98;0
20127;0
31560;0
20711;0
22213;0
449;0
28098;0
13155;0
40085;1
24829;0
13116;0
4930;0
38968;0
31991;0
17608;0
6002;0
38629;0
9446;0
12194;0
25963;0
33964;0
29783;0
16632;0
39734;1
329;0
7429;0
39281;1
19017;0
20928;0
26283;0
29254;0
31880;0
422;0
22043;0
7142;0
39988;0
15155;1
35825;1
9445;0
3214;0
22244;0
17850;0
28569;0
1016;0
20724;0
33250;0
32382;0
19114;0
1622;0
36462;1
35200;0
15614;0
34015;0
17122;0
2869;0
33530;0
25302;0
13955;0
10797;0
27844;0
15734;0
19631;0
29667;0
8480;0
31893;0
26853;0
6922;0
26933;1
8925;0
1571;0
17427;0
21649;0
17966;0
4039;0
35927;0
37383;0
22997;1
32629;0
36136;0
10568;0
37626;0
8317;0
4315;0
3057;0
19953;0
2940;0
32383;0
3975;0
30503;0
27226;0
3295;0
21040;0
22109;0
40417;1
16716;0
32690;0
28366;0
20594;0
12638;0
11782;0
14796;0
4155;0
9783;0
28795;0
4754;0
22142;0
29017;0
6706;0
4363;0
5818;1
19729;0
32485;0
34808;0
5411;0
17201;0
33823;0
19886;0
13511;0
4480;0
33938;0
3006;0
32228;0
22633;0
33759;0
28291;0
18668;0
24854;0
39574;1
32772;0
2486;0
23547;0
19099;0
31652;1
34362;0
13832;0
40257;0
26294;0
37897;0
22882;0
14965;0
38178;1
6569;0
6225;0
30876;0
14022;0
17036;0
9054;0
7095;1
25520;0
15778;0
30223;1
37510;0
22894;0
26542;0
20422;0
32978;0
26830;0
31345;0
32993;0
7732;0
22745;0
37776;0
38530;0
29445;0
11399;0
26822;0
19621;0
17552;0
40282;0
2726;0
41007;1
17715;0
8914;0
10485;0
18706;0
6139;0
27628;0
8394;0
25292;0
11597;0
18422;0
13014;0
40342;1
5511;0
17804;0
22691;0
20445;0
20577;0
9904;1
22192;1
26856;0
12810;0
8901;0
4707;0
23849;0
6256;0
18404;0
5559;0
3984;0
24549;0
28948;0
9697;0
4322;0
8961;0
38007;0
8684;0
34358;0
7145;0
28730;0
41051;0
33479;1
8281;0
24968;0
19511;0
2265;0
11218;0
10542;0
14516;0
35596;0
34609;0
14277;0
17184;0
22744;0
28147;0
32945;0
13335;0
39824;0
40773;1
32727;0
501;0
4477;0
306;0
36531;1
28980;0
5010;0
15777;0
10160;0
10902;0
22027;0
15764;0
17104;0
19310;0
24665;0
21057;0
22473;0
793;0
27253;0
33254;0
19583;0
7948;0
12663;0
30031;1
22414;0
26295;0
13668;0
11536;0
18641;0
38321;1
33941;0
25054;0
25243;0
13552;0
17088;1
32499;0
34340;0
7575;0
33346;0
26014;0
29424;0
14241;0
15218;0
11515;0
19476;0
24948;0
39894;0
37245;1
13614;0
16797;0
26733;0
16710;0
12006;0
21500;0
40964;0
35328;0
16063;0
39452;1
37142;1
33002;0
39947;1
29805;0
8864;0
15869;0
5107;1
5297;0
21581;0
13879;0
35114;0
28464;0
30076;1
1778;0
25824;0
19137;0
28752;1
24322;0
12612;0
38076;1
40618;0
11342;0
17375;0
31506;0
31401;0
16464;0
12359;0
26186;0
14285;0
7224;0
21854;0
350;0
13033;0
18370;0
5033;0
31166;0
22030;0
26380;0
3956;0
30125;0
21388;0
35218;0
24302;0
23511;0
13336;0
7626;0
3079;0
3053;0
34092;0
27364;0
801;0
5370;0
12953;0
13413;0
6178;0
4318;0
39969;1
29148;0
19334;0
17947;0
29111;0
29052;0
18024;0
37417;0
10930;0
31315;0
24599;0
1381;0
5174;1
1564;0
28828;0
30438;0
28833;0
23058;0
13317;0
36150;0
10116;0
35066;0
9327;0
1728;0
8268;0
35036;1
41091;0
33647;0
16996;0
41079;0
24165;0
5208;0
726;0
21585;0
14502;0
25893;0
25779;0
230;0
19306;0
25684;0
14352;0
8623;0
4109;0
24054;0
2107;0
23388;1
16933;0
9266;0
5877;0
954;0
33240;0
9510;0
25970;0
12771;0
37889;0
31896;1
4070;0
7443;0
19888;0
20100;0
35216;0
11322;0
30848;0
9610;0
16907;0
15651;0
3272;0
22380;0
21723;0
11112;0
13565;0
31132;0
29272;0
6197;0
16466;0
4035;0
23308;0
10558;0
23007;0
5125;0
27713;1
28349;0
352;0
8753;0
21037;0
12080;0
29997;0
17285;0
16722;1
23212;0
23579;0
37072;0
34880;0
25816;0
9280;0
12494;0
7215;0
11316;0
38235;0
1165;0
36726;0
18555;0
28476;0
37832;0
4571;0
10376;0
26421;0
10439;0
21309;0
30658;0
3375;0
4857;0
30924;0
37342;0
14697;0
17504;0
4944;0
17531;0
7460;0
17547;0
26631;0
8151;0
28667;0
1497;0
16408;0
10926;0
18841;0
3378;0
32743;0
25624;0
40053;1
28235;0
25952;1
2841;0
37965;0
807;0
6280;1
23100;0
33771;0
18657;0
20641;0
33744;0
5936;0
7267;0
21110;0
25546;0
31760;0
26623;0
32444;0
33407;0
4856;0
38031;0
4367;0
12115;0
16886;0
15716;0
1418;0
16976;0
39187;0
11643;0
39780;0
35876;0
32460;0
21537;0
26241;0
10830;0
31589;0
33494;0
33349;0
9011;0
2258;0
35643;1
10768;0
12173;0
2314;0
29720;0
39272;1
30289;1
32650;0
10311;0
2148;0
9492;0
26600;0
20359;0
31575;0
34329;0
29581;0
8338;0
3335;0
28129;0
41012;0
9030;0
5651;0
3493;0
28360;0
250;0
31717;0
2586;0
16654;0
13010;0
18539;0
32987;0
13987;0
30965;1
24883;0
8823;0
34219;0
4130;0
15004;0
7223;0
5350;0
15992;0
38083;0
7333;0
17793;0
19563;0
12070;0
309;0
8732;0
4720;1
8991;0
24264;0
27983;1
24583;1
8976;0
40268;0
23581;0
19380;0
17752;0
11425;0
28390;0
2274;0
14089;0
21231;0
36358;0
12225;0
17032;0
15005;0
39930;0
33791;0
8934;0
5190;0
7487;0
24444;0
33656;0
23706;0
32166;0
38882;1
12788;0
38893;1
4989;0
17127;0
104;0
36189;1
22465;0
35077;0
14781;0
13198;0
33924;0
34243;0
19626;0
34915;1
29875;0
21450;0
8887;0
23760;0
40565;0
39239;1
25850;0
6033;0
15516;0
2959;0
12984;0
14526;0
24350;0
4010;0
12480;0
15285;0
16647;0
34890;0
8939;0
5825;0
25681;0
24389;0
25671;0
3195;0
34530;0
15189;0
27290;0
23729;0
8046;0
20850;0
29270;0
1389;0
8715;0
6588;0
29886;0
28136;1
17926;0
23411;0
24023;0
23835;0
2796;0
40466;1
30521;0
9949;0
28504;0
17429;0
35342;0
11047;0
29604;0
25972;0
15083;0
34679;0
71;0
30923;0
10131;0
35280;0
1352;0
32043;0
15615;0
8277;0
36000;0
4736;0
388;1
18537;0
36815;0
37687;1
28933;0
17729;0
26969;0
35941;1
3810;0
34812;0
28994;0
29314;0
17365;1
32930;0
29103;0
37518;0
4481;0
6595;0
30821;0
1375;0
38091;1
27500;0
27589;0
22271;0
5080;0
1141;0
2552;0
32995;0
1523;0
2606;0
24324;0
23226;0
36810;0
35727;0
29672;0
5638;1
8852;0
40017;1
4850;0
10638;0
40859;0
8391;0
34328;1
37221;0
22450;0
33595;0
4952;0
26544;0
19357;0
26373;0
13833;0
33303;0
25869;0
1367;0
1944;0
39194;1
24199;0
39102;0
32852;0
14676;0
20788;1
11275;0
8362;1
30813;0
14989;0
14368;0
23432;0
5195;0
40882;0
19313;0
28987;0
11482;0
26745;0
32866;0
32833;0
2248;0
12929;0
26559;0
9431;0
15723;0
22488;0
9312;0
11167;0
27573;0
23061;0
18374;1
29910;0
21238;0
1207;0
18425;0
11172;1
26615;0
24507;0
23277;0
18952;0
28468;0
33966;0
13261;0
1711;0
38814;0
15616;0
17332;0
26066;0
27705;0
4794;0
10630;0
5312;0
24970;0
89;0
38840;1
37259;1
19908;0
28401;0
40855;1
14858;0
19715;0
35563;0
37217;0
25906;0
20855;0
24126;0
19881;0
39381;1
1135;0
31320;0
24632;0
30102;0
36379;0
16371;0
37686;1
3961;0
8295;0
9379;0
36881;0
14497;0
20970;0
30432;0
38913;0
36509;1
5614;0
28006;0
30023;1
28784;0
16218;0
14308;0
18695;0
17557;0
37103;1
16254;0
12768;0
16176;0
2008;0
31719;0
32098;0
8495;0
19333;0
37219;1
30001;1
8670;0
14479;1
6406;0
4662;0
5281;0
12065;0
30781;0
30793;0
25569;0
17807;0
11178;0
34459;0
26154;0
41055;1
2332;0
24112;0
29796;0
7512;0
38910;0
25211;0
12164;0
10786;0
17274;1
33713;0
22765;0
28503;0
7693;0
31571;0
5917;0
7694;0
24815;0
20437;0
1012;0
30795;0
36677;1
5466;0
21427;0
24010;0
25563;0
23455;0
35287;0
26808;0
8481;0
17730;0
32420;0
4581;0
32565;0
11758;0
19053;0
26213;0
34085;0
2336;0
10280;0
19802;0
20004;0
41002;0
16287;0
16596;0
10430;0
37451;0
40641;0
38632;0
6520;1
39012;1
3930;0
10504;0
7088;0
3720;0
29173;0
10209;0
34962;0
201;0
25390;0
4143;0
33401;0
11749;0
17613;0
10612;0
34116;0
4988;0
7577;0
15489;1
18092;0
33590;0
21173;0
40508;0
15840;0
37735;0
8299;0
10093;0
22982;0
25086;0
5183;0
24524;0
18749;0
6604;0
26258;0
13392;0
25888;0
37528;0
12490;0
31438;0
34668;0
29631;0
33305;0
24405;0
34378;0
40628;1
27703;0
13166;0
15044;0
9056;0
7234;0
31731;0
4099;0
9383;0
19847;0
33501;0
37871;1
943;0
1019;0
19032;0
25921;0
15649;0
6926;0
39527;0
8163;0
37812;0
20982;0
38547;1
34695;0
11321;0
37929;1
21193;0
8255;0
19995;0
4361;0
35246;0
9171;0
30615;0
21265;0
14290;0
20071;0
6126;0
10874;0
34180;0
23494;0
40560;0
4095;0
8457;0
26433;0
9893;1
23300;0
40612;1
753;0
1263;0
16645;0
38889;1
22793;0
19362;0
18428;0
28238;0
19392;0
9403;0
36539;1
2360;0
37022;0
20222;0
32933;0
23654;0
32924;0
4251;0
26766;0
37210;0
27659;0
36802;0
24104;0
12690;0
38142;0
31645;0
7007;0
37378;0
6242;0
26100;0
37850;1
35570;0
7747;0
32551;0
15458;0
27732;1
14846;0
15996;0
36124;1
12219;0
6920;0
3448;0
31963;0
13954;0
35723;0
23703;0
2842;0
3074;0
7425;0
40630;0
2091;0
5648;0
7739;0
13601;0
18266;0
29213;0
40256;0
35101;0
12064;0
39298;1
22438;0
21050;0
7119;0
17779;0
14179;0
19386;0
17551;1
6298;0
13301;0
35468;0
33139;0
8467;0
31348;0
32964;0
8150;0
29265;1
3836;0
36566;1
31737;0
11098;0
34514;0
20467;0
1281;0
15009;0
5464;0
34603;0
25400;0
5699;1
9051;0
22217;0
10363;0
16270;0
19915;0
17015;0
31925;0
7942;0
12324;0
40835;0
38777;1
19261;0
11290;0
18396;0
7779;0
14642;0
24621;0
10714;0
5706;0
39451;1
30979;0
24752;0
18111;0
28835;0
37982;1
11728;0
31638;0
24780;0
26037;0
14274;0
5066;0
12577;0
20328;0
2854;0
31031;0
6824;0
11243;0
2423;0
26579;0
17298;0
2733;0
25168;0
33415;0
11440;0
17040;0
37174;0
10448;0
8373;0
22582;0
13762;0
39210;1
39555;1
34979;0
21298;0
15861;0
12507;0
28973;0
22586;0
18673;0
6453;0
27452;0
25307;0
38112;0
11723;0
40875;1
16366;0
26662;0
14069;1
27612;0
17968;0
26255;0
33192;0
12383;0
40654;0
13829;0
23482;0
33339;0
6647;0
14344;0
25493;0
1113;0
32807;0
27565;0
39984;0
9382;0
34809;0
34648;1
28603;0
4853;0
416;0
34798;0
23592;0
38839;1
28893;0
20495;1
39968;0
1131;0
35806;0
22902;0
20933;0
4584;0
3231;0
8148;0
549;0
10453;0
24545;0
995;0
9795;0
34858;0
26288;0
9135;0
17013;0
3723;0
28440;0
970;0
35384;0
4873;0
18720;0
17578;0
23633;0
15849;0
29524;0
1288;0
35550;0
16916;0
15853;0
1079;0
17899;0
14124;0
33105;0
7728;0
39828;1
5736;0
13386;0
25102;0
17317;0
24845;0
31284;0
4907;0
8153;0
37870;1
32296;0
30486;0
6045;0
16669;0
23539;0
26023;0
38087;0
9659;0
15272;0
48;0
12539;0
37244;0
19803;0
31063;0
27728;0
24183;0
1182;0
11553;0
25567;1
17318;0
23569;1
17017;0
10466;0
32422;0
1374;0
25055;0
18451;0
18285;0
9920;0
29373;0
38625;0
19442;0
24469;1
40761;0
2169;0
23886;0
25501;0
10960;0
30441;1
26783;0
7092;0
35228;0
14872;0
34856;0
13369;0
33981;0
18557;0
22243;0
39398;1
29955;0
18420;0
5589;0
16565;0
6567;0
161;0
27693;0
16077;0
26703;0
21922;0
10539;0
15767;0
39427;0
8814;0
36476;0
29010;0
20755;0
30123;0
30063;1
12172;0
24341;0
17025;0
19135;0
18858;0
20372;0
3484;0
40968;1
4280;0
13843;0
8205;0
24172;0
29668;1
10628;0
6353;0
20762;0
20472;0
15144;0
22776;0
20871;0
29979;1
12628;0
20470;0
1088;0
38822;0
1310;0
27798;0
308;0
985;0
37543;1
34104;0
37989;1
5163;0
39740;1
22170;1
17140;0
32715;0
21554;0
29960;0
16905;0
6948;0
18046;0
38950;0
133;0
29206;0
2931;0
30531;0
5872;0
10958;0
23241;0
17629;0
881;0
23118;0
11537;0
27237;0
3822;0
3883;0
13904;0
16410;0
13934;0
31611;0
20823;0
5544;0
38500;0
34426;0
22695;0
23489;0
29870;0
18277;0
11912;0
36805;1
11881;0
15273;0
12796;0
35099;0
22045;1
31191;0
1439;0
36949;0
9940;0
20918;0
26041;1
4169;0
25856;0
27234;0
13771;0
10925;0
7278;0
26880;0
16814;0
34970;0
22839;0
32121;0
13812;0
34212;1
33404;0
39881;1
35625;0
20545;0
33755;0
35613;0
6602;0
37752;1
14280;0
16891;0
15202;0
11214;0
8908;0
5011;0
27860;0
22681;0
24569;0
27594;0
7220;0
35286;0
20517;0
529;0
30382;0
19542;0
14914;0
11160;0
2537;0
22346;0
40295;1
11361;0
22827;0
14877;0
19503;0
25239;1
16703;0
38054;0
34403;0
32950;0
22333;0
8894;0
30601;1
877;0
20984;0
19413;0
1448;0
31855;0
11875;0
21517;0
38369;0
19857;0
14958;0
8478;0
22218;0
5717;0
92;0
25406;0
14120;0
18583;0
32695;0
38697;1
19215;0
24493;0
35022;0
1290;0
4927;0
2719;0
37007;0
13948;0
8061;0
10945;0
9741;1
34457;0
27040;0
3216;0
12617;0
11750;0
40409;0
6504;0
21670;0
13747;0
13422;0
12451;0
40052;0
36486;1
39004;1
15;0
7604;0
13473;0
7402;0
20694;0
2855;0
23201;0
30375;0
33795;0
13482;0
6318;0
18371;0
33445;0
35847;0
6233;0
32719;0
4207;0
13439;0
25678;0
28902;1
632;0
14075;1
7469;0
20273;0
8803;0
36582;0
22008;0
28567;0
244;0
31149;0
40996;1
3417;0
16807;0
16988;0
24756;0
29753;0
33899;0
11811;0
27114;0
26013;0
7810;0
19288;0
26223;0
26747;0
26161;0
13308;0
9297;0
6682;0
8981;0
3236;0
2839;0
37296;0
39067;0
36144;0
20441;0
15732;0
14672;0
30273;1
21508;0
32821;0
28004;0
39125;1
5354;0
302;0
11456;0
39957;1
21543;0
38056;0
34252;0
40733;0
39661;1
35649;0
12303;0
31798;0
1403;0
28894;0
27928;0
40842;0
22714;1
16052;0
34989;0
36836;0
2055;0
4088;0
38762;0
23549;0
258;0
38507;0
2605;0
37718;0
40033;1
29023;1
19332;0
3219;1
157;0
9594;0
8665;0
4018;0
37160;1
9407;0
2716;0
9119;0
35778;0
2601;0
5105;0
13255;0
5660;0
33365;0
9351;0
15346;1
483;0
2774;0
7802;0
15500;1
27433;0
29306;0
7727;1
6462;0
17063;0
34941;0
31647;0
10202;0
38490;1
2668;0
20717;0
21909;0
29313;0
16257;0
13149;0
11743;0
32111;0
9099;0
798;0
10180;0
17915;0
4263;0
21453;0
2099;0
22207;0
20826;0
8536;0
21001;0
22824;1
21745;0
35969;1
7164;0
23401;0
36978;1
27911;1
34127;0
38218;0
3601;0
11687;0
15494;0
9102;0
5351;0
1555;0
9895;0
33792;0
32215;0
9713;0
37331;1
18654;0
1986;0
2305;1
12187;0
8548;0
4608;0
14106;0
9991;0
1597;0
36405;0
24855;0
34976;1
39302;0
14545;0
1814;0
2191;0
29278;0
27921;1
30691;0
1402;0
39577;0
31184;0
23637;0
18047;0
20343;1
9761;0
27753;1
31056;0
6365;0
39195;1
10246;0
8972;0
8844;0
12697;0
29591;0
6499;0
30171;0
127;0
11559;0
2739;0
29644;0
15152;0
3645;0
19492;0
39267;1
9922;0
9906;0
6493;0
20036;1
27801;0
21272;0
15594;0
35659;0
1739;0
23438;0
34804;0
435;0
22092;0
26474;0
7750;0
34988;0
33124;1
26682;0
2282;0
30681;0
8213;0
11437;0
818;0
16625;0
6638;0
37502;0
22923;0
35676;0
15741;0
12579;0
19018;1
27281;0
8008;0
10922;0
36415;1
31169;0
12462;0
23950;0
5409;0
25762;0
5480;0
31537;0
33668;0
20509;0
40770;1
8384;0
11831;0
8383;0
25131;0
35033;0
26710;0
38766;0
30860;0
142;0
2747;0
6137;0
662;0
13995;0
26864;0
38916;0
13090;0
35646;0
29900;0
7926;0
26786;0
9316;0
10623;0
21908;0
31960;0
25080;0
6385;0
32151;0
37576;0
12794;0
32291;0
20803;0
28075;0
24009;1
5159;0
27112;0
31036;0
27314;0
26123;0
11466;0
34600;0
2650;0
11405;0
24709;0
18032;0
1615;0
33152;1
9365;0
2756;0
35530;0
16082;0
11300;0
32684;0
30779;0
9537;0
32777;0
18938;0
27941;1
11379;0
31386;0
27809;0
19155;0
29755;0
29149;0
10555;0
24476;0
15859;0
16935;0
12786;0
33839;0
37328;0
13271;0
30987;0
3818;0
8388;0
33214;0
5420;0
10822;0
28065;0
8919;0
39649;1
30567;0
1424;0
31644;0
28262;0
25430;0
8917;0
5714;0
37926;1
15231;0
23001;0
38655;1
9873;0
8059;0
29959;0
31596;0
6021;0
23653;0
31022;0
11998;0
14348;0
39392;1
16243;0
8682;0
38969;0
20379;0
15817;0
19804;0
38984;0
35171;0
39025;0
7764;0
36229;1
19168;0
15898;0
34001;1
22585;0
31734;0
8381;0
29663;0
13509;0
6354;0
32763;0
40536;0
17741;0
2342;0
7094;0
9182;0
17842;0
14928;0
3932;0
19861;0
5515;0
13298;0
35279;0
15335;0
19301;0
38095;1
13606;0
9603;0
29602;0
25922;0
23170;0
27581;0
9615;0
15702;0
40304;0
38022;0
9528;0
17485;0
23548;0
32287;0
41083;1
19543;0
22160;0
27976;0
19028;0
37511;0
38198;0
11209;0
11574;0
11116;0
16604;0
8809;0
30151;0
27105;0
5482;0
18701;0
38498;0
15848;0
7661;0
35368;0
15235;0
13647;0
24064;0
21058;0
35213;0
38230;1
30761;0
18696;0
32188;0
28155;0
13702;0
15030;0
21905;0
7285;0
37608;0
15534;0
24372;0
2209;0
39779;0
40662;0
18628;0
2581;0
31851;0
33712;0
26790;0
24253;0
27600;0
41169;0
8035;0
14532;0
9532;0
39402;0
30903;0
12166;0
22803;0
11061;0
38314;0
8442;0
9917;0
26801;0
36336;1
35353;0
31612;0
14085;0
13331;0
21446;0
1163;0
32961;0
22088;0
27497;0
8404;0
24984;1
24951;0
5618;0
20134;0
5990;0
9044;0
21645;1
19923;0
466;0
809;0
16407;0
37980;0
28700;0
7618;0
12096;0
620;0
1610;0
25662;0
17719;0
31637;0
34460;0
9554;0
16586;0
4830;0
13928;0
14092;0
988;0
25459;0
25074;0
36526;1
19771;0
5435;1
33721;0
9269;0
31703;0
23150;0
33385;0
33067;0
15191;0
34950;0
27850;1
821;0
40203;1
24915;0
12625;0
17555;0
32253;0
3884;0
21361;0
1172;0
30396;1
34905;0
19502;0
1018;0
8043;0
8017;0
22829;0
6011;0
30655;0
16495;0
24559;0
31727;0
31667;0
2882;0
36230;0
14890;0
31516;0
3059;0
13101;0
9852;1
35447;0
37842;0
29338;0
9726;0
2902;0
19397;0
38264;0
39568;0
1770;0
37283;0
34831;0
24574;0
27528;0
31979;0
4971;0
2548;0
35688;0
18623;0
2458;0
40386;0
11825;0
5887;0
1471;0
24905;0
11187;0
37015;0
14156;0
12604;0
4150;0
6702;0
11963;0
25336;0
7385;0
30207;1
39101;0
20844;0
2090;0
7338;0
858;0
3416;0
25726;0
17536;0
26129;0
27029;0
33200;1
28493;0
28471;1
14205;0
16361;0
29837;0
32036;0
31071;0
36922;0
40852;1
19030;0
20874;0
38285;0
27719;0
31126;0
38434;0
17770;0
7554;0
7568;0
21072;0
37051;0
8779;0
33751;0
14976;0
4216;0
11974;0
19058;0
9005;0
27492;0
2926;0
17198;0
24220;0
10444;0
8162;0
31653;0
22927;0
9977;0
29294;0
29108;0
38305;0
14506;0
26848;0
36643;0
6856;0
18307;0
33672;0
24747;0
10322;0
6947;0
26852;0
21590;0
38992;0
9867;0
12717;0
14367;0
9256;1
2261;0
40961;0
24213;1
38757;0
27261;0
2129;0
24687;0
4617;0
38010;0
40128;1
11506;0
7895;0
15660;0
10059;0
21815;0
23723;0
5701;0
26427;0
22433;0
18838;0
28226;0
38541;1
23437;0
1460;0
31661;0
40695;0
33526;0
30224;0
18822;0
9049;0
13574;0
30463;1
39315;1
35478;0
25058;0
5104;0
33907;0
876;1
23884;0
21479;0
2810;0
3503;0
37271;0
38951;0
18198;0
40605;0
10386;0
17654;0
7012;0
1845;0
36121;0
34614;0
8948;0
34189;0
3679;0
1792;0
17992;0
32125;0
16440;0
38126;0
408;0
16955;0
40303;0
11838;0
14566;0
28131;0
12235;0
9457;0
38733;0
16462;0
4663;0
34156;0
12123;0
38371;0
11445;0
2217;0
29250;0
24108;0
31459;0
32117;0
15894;0
22321;0
5379;0
10301;0
3310;0
33397;0
20973;0
22711;0
39367;0
15912;1
11095;0
2805;0
24234;0
16084;0
24082;0
3143;0
35161;0
35673;0
18665;0
22121;0
17234;0
24431;0
6156;0
17101;0
14377;0
30055;1
31797;0
17880;0
32621;0
34317;0
23851;0
9355;0
3376;0
14146;0
13626;0
14537;0
36671;1
5771;0
19914;0
15046;0
33039;0
1486;0
26870;0
17153;0
36673;1
26814;0
15313;0
30862;0
24277;0
38334;0
17459;0
32834;0
28080;0
17646;0
27749;0
284;0
17343;0
4208;0
15089;0
1324;0
15480;0
33156;0
34234;0
30630;0
25266;0
38468;0
35079;0
24148;0
12930;0
11406;0
29004;0
34392;0
38929;1
5634;0
4165;0
19532;0
28697;0
28289;0
3027;0
34821;0
15434;0
2988;0
3325;0
7637;0
25960;1
23151;0
30014;0
16156;0
24691;0
26823;0
22444;0
26076;0
36760;1
31324;0
23268;0
28630;0
29595;0
34199;0
34922;0
13831;0
18389;0
3258;0
5644;0
24940;0
30548;0
41129;0
8863;0
975;0
20899;0
175;0
13759;0
15413;0
11561;0
40734;1
29754;0
8485;0
8434;0
497;0
19320;0
36700;0
19450;0
17503;0
25727;0
3485;0
36749;1
20290;0
5822;0
33417;0
15771;1
34843;0
31465;0
8288;0
19509;0
37641;0
16309;0
19505;0
8041;0
2135;0
40008;1
17389;0
25975;0
29719;0
9862;0
32338;0
18962;0
12313;0
120;0
23148;0
28412;0
39504;1
34005;0
21048;0
18525;0
19490;0
19228;0
30834;0
21412;0
8769;0
17745;0
2576;0
21819;0
34270;0
15819;0
23554;0
25622;0
36269;1
26712;0
27254;0
38070;1
35849;0
37256;0
38831;1
32090;0
10275;0
26157;0
29908;0
14078;0
28917;0
11081;1
77;0
2389;0
25156;0
29242;0
21243;0
5258;0
21081;0
20199;0
14689;0
24245;0
25670;0
39697;1
19411;0
3379;0
12082;0
8236;0
2037;0
8781;0
969;0
29717;0
23377;0
25883;0
34861;1
23049;0
37777;0
15027;0
24966;0
15789;0
13839;0
24600;0
38286;0
34961;0
16161;0
22183;0
23606;0
13140;0
13590;0
15210;0
18903;0
4796;0
27813;1
24387;0
32386;0
13797;0
4050;1
3086;0
19549;0
16927;1
24001;1
14747;0
19337;0
17290;0
4653;0
26253;0
29292;0
26564;0
37750;0
14081;0
37890;1
21987;0
6618;0
30560;0
2597;0
20573;0
1371;0
27103;1
38303;0
37177;0
19516;0
21384;0
4276;0
28674;0
29609;1
12433;1
25451;0
739;0
38462;1
9577;0
7621;0
14527;0
23764;0
14338;0
20845;0
36924;0
37787;0
40288;0
20109;1
40174;0
28548;0
3301;0
7356;0
29187;0
36324;0
33044;0
12623;0
636;0
2585;0
15530;0
15043;0
36173;0
11238;0
8851;0
33268;0
19757;0
12841;0
28220;0
4823;0
24056;1
27336;0
35056;0
2419;0
39150;1
8125;0
40606;0
6313;0
7065;0
22064;0
2491;0
23772;0
26550;0
2999;0
13020;0
5119;0
29669;0
22334;0
19662;0
25410;0
30391;0
39871;1
9894;0
21724;0
35828;1
20312;0
23819;0
39313;1
17558;0
21321;0
37366;0
36729;0
35508;0
32380;0
38310;0
28232;0
3845;0
21599;0
38639;0
36824;1
6456;0
37086;1
16102;0
28046;1
25872;0
9477;0
40883;0
25204;0
29527;0
16774;0
28128;0
30649;0
36498;0
25805;0
21120;0
13486;0
35692;0
29280;1
15264;0
27682;0
13877;0
22293;0
30011;0
32179;0
28331;0
8248;0
38219;0
39829;1
32342;0
19307;0
21429;0
37697;0
13981;0
36331;0
37351;0
33758;0
6125;0
33332;0
9646;0
5943;0
6573;0
14029;0
9964;0
2825;0
16624;0
37146;1
34535;1
4579;0
33738;0
20113;0
21163;0
40603;0
24039;0
4719;0
7620;1
8973;0
35020;0
22910;0
1794;0
3108;0
1338;0
12142;0
6886;0
24270;0
11151;0
16526;0
7021;0
17884;0
23269;0
31145;0
36487;1
27050;0
38509;1
4177;0
40694;0
8146;0
9706;0
32096;0
13400;0
33206;0
685;0
37520;0
2467;0
31773;0
15870;0
34338;0
11435;0
33096;0
15255;0
15370;0
1932;0
16928;0
26824;0
16741;0
7797;0
8960;0
20085;0
13596;0
13724;0
34709;0
10255;0
10284;0
33976;0
12859;0
16424;0
7730;0
34760;0
21704;0
26344;0
33025;0
28654;0
32951;0
34062;0
10561;0
27442;0
6217;0
750;0
17214;0
9593;0
25792;0
13213;0
12602;0
16005;0
2229;0
37839;0
11744;0
22887;0
7120;0
19711;0
5402;0
5597;0
18477;0
27784;1
34634;0
16098;0
35565;0
10802;0
35889;1
35181;1
36094;0
25181;0
23582;0
30314;1
5842;0
40349;1
28013;0
37938;0
2990;0
26975;0
39920;0
6563;0
38388;0
10652;0
39173;0
16678;0
13600;0
37638;0
15368;1
30044;0
29774;0
24514;0
29847;0
38345;1
20852;0
25961;0
18824;0
24967;0
19363;0
16313;0
40035;0
28702;0
36409;0
29738;0
22423;1
3278;0
27440;0
21630;0
13615;0
36816;1
28357;1
35239;0
17927;0
153;0
13109;0
3788;0
24924;0
10108;0
31461;0
15919;0
8522;0
12550;0
1311;0
17016;0
15447;0
37333;0
7816;0
24470;0
3840;0
9167;0
39524;0
29084;0
41124;1
18427;0
40453;0
10556;0
12103;0
29407;1
29996;0
5096;0
25282;0
22012;0
12816;0
32622;0
29986;1
37143;1
18839;0
5871;0
17210;0
26800;0
33861;0
31061;0
39079;1
40009;0
35452;0
7842;0
35928;0
12598;0
13324;0
32213;0
27456;0
25022;0
15657;0
28867;0
1112;0
15829;0
19815;0
26547;0
12815;0
3087;0
24047;1
24173;0
19956;0
5431;0
674;0
15618;0
27348;0
10162;1
32031;1
38522;0
25806;0
22980;0
2632;0
29387;0
18200;0
31017;0
7152;0
20998;0
17415;0
2358;0
10106;0
25990;0
13276;1
10897;0
8982;0
39075;0
29205;0
22175;0
11490;0
11504;0
16487;0
41034;1
1050;0
22226;0
612;0
3878;0
36645;1
30877;0
21767;0
15286;0
2566;0
19653;0
2170;0
8984;0
25192;0
3287;0
7934;0
21937;0
23012;0
32791;0
26937;0
7242;0
34355;0
24313;0
3285;0
20302;0
1414;0
31601;0
1600;0
28434;1
4262;0
24035;1
41081;0
11721;0
17074;1
1202;0
10996;0
18013;0
14504;0
35854;0
938;0
12054;0
35946;0
14239;0
30504;0
31556;0
14668;0
3979;1
18230;0
13272;0
18640;0
38667;0
16140;0
40470;1
38567;0
1162;0
30246;0
27161;1
10710;0
27598;0
38287;0
39634;0
2507;0
35078;0
8342;0
8128;0
10343;0
15197;0
15541;0
29063;0
11686;0
37849;0
29014;0
15407;0
6117;0
31695;0
7627;0
15502;0
19904;0
1225;0
40806;0
7836;0
4244;0
25049;0
35836;0
4590;0
31536;0
17371;0
410;0
7117;0
33443;0
24095;0
11468;0
37615;0
8415;0
30346;0
34061;0
23725;0
40366;1
24015;1
5983;0
9834;0
2807;0
36231;0
26912;0
6331;0
32645;1
33665;0
19208;0
31253;0
33435;0
20345;0
16015;0
9337;0
34056;0
39789;0
30873;0
22733;0
10894;0
14158;0
9672;0
5027;1
2823;0
34245;0
3442;0
36328;1
6812;0
30740;0
38786;1
38987;1
11028;0
34482;0
37312;1
5914;0
30595;1
40309;1
4461;0
22352;0
10454;0
30355;0
35299;0
1086;0
21633;0
25411;0
33514;0
32740;0
21963;0
28207;1
26715;0
13353;0
27197;0
20261;0
16496;0
7405;0
17596;0
39921;0
23276;0
39667;1
22396;0
17985;0
40670;1
32525;0
24674;0
5969;0
17279;0
25699;0
20624;0
28963;0
13686;0
28410;0
39488;1
1901;0
34646;0
19837;0
1257;0
18406;0
28105;0
25151;0
22305;0
1695;0
22224;0
6368;0
34237;0
31500;0
14897;0
34501;0
1318;0
11302;0
23318;0
23210;0
38189;0
30913;0
16444;0
37340;0
26935;0
24727;0
36183;0
14567;0
26950;0
8831;0
31447;0
10470;0
36314;0
26391;0
35109;0
15687;0
17606;0
40680;0
12958;0
17381;0
27837;0
3313;0
2616;0
40569;0
14267;0
13373;0
33654;0
6596;0
16447;0
18275;0
26260;0
32503;0
6061;0
4376;0
36027;0
39658;1
30189;1
12076;0
8736;0
6185;0
35018;0
16303;0
23831;0
11832;0
39904;0
31531;0
38811;1
13885;0
7407;0
16925;0
21547;0
40956;0
39663;1
23398;0
3829;0
33697;0
29841;0
21872;0
2206;0
38776;1
33211;0
29491;0
40495;1
37861;1
21297;0
8;0
1850;0
7873;0
21470;0
37868;0
22653;0
38700;1
18997;0
39765;0
10338;0
34226;0
25825;0
6069;0
9962;0
26203;0
28823;0
30717;0
15745;0
21360;0
38482;0
24164;0
15363;0
28825;0
17148;0
21161;0
21248;0
41046;1
19649;0
32063;0
23500;0
27824;1
25387;0
18837;0
478;0
2445;0
22402;0
23149;0
26217;0
29556;0
33245;0
27579;0
15487;0
35599;0
10098;0
23738;0
122;0
22728;0
10061;1
31377;0
31070;0
17903;0
15190;1
9015;0
28433;0
17517;0
4501;0
31825;0
12700;0
2703;0
34376;0
9868;0
5639;0
28996;0
22225;0
9068;0
36611;1
23973;0
16824;0
16709;0
33058;0
4767;0
10234;0
20144;0
5941;0
40489;0
25381;0
8191;0
18941;0
26182;0
21512;0
31489;0
35215;0
10948;0
7734;0
13274;0
31100;0
15779;0
40502;0
22206;0
31523;0
12086;0
3858;0
28486;1
28144;0
31246;1
10971;0
6556;0
5249;0
22978;0
18161;0
39523;0
40728;1
39165;0
4545;0
14461;0
39651;0
35485;0
32143;0
34507;0
6733;0
1033;0
845;0
11274;1
31561;0
24714;0
21742;0
32546;1
23535;0
27450;0
39864;1
26127;0
40555;0
30130;0
20796;0
14708;0
9689;0
9545;0
21652;0
20034;0
29141;0
33710;0
8098;0
9673;0
12572;0
28935;0
28563;0
8240;0
28895;0
22194;0
34123;0
36668;0
16666;0
38035;0
35111;0
25878;0
22989;0
942;0
1003;0
12478;0
5962;0
9392;0
4492;0
33104;0
36849;1
10827;0
4928;0
23782;0
10527;0
21635;0
24446;0
21333;0
19422;0
11;0
22699;0
7804;0
18220;0
31890;0
6338;0
10491;0
25813;0
6704;0
40441;1
2543;0
17496;0
22979;0
24778;1
32451;0
30487;1
10371;0
30897;0
27502;0
18880;0
31189;0
11327;0
25599;0
3168;0
2670;0
21378;0
36709;1
34794;0
34891;0
27291;0
24777;0
30047;1
16110;0
21323;0
38640;1
30724;0
21091;0
15252;0
32009;0
12895;0
4659;0
39166;1
9781;0
2613;0
32979;0
2495;0
13180;0
35650;0
37439;0
5289;0
15355;0
1587;0
18118;0
1383;0
1188;0
33940;0
6293;0
16861;0
5051;0
11266;0
32547;0
36562;1
40638;1
36097;0
9754;0
11319;0
990;0
7500;0
21179;0
5849;0
13111;0
10133;0
31158;0
25303;0
25698;0
40212;1
40909;1
3963;0
31739;0
31357;0
23727;0
22140;0
10697;0
16216;0
7517;0
1478;0
38853;0
18116;1
30612;0
7960;0
20157;0
24326;0
9433;0
23166;0
21319;0
21708;0
35107;0
6557;0
20012;0
15670;0
1653;0
204;0
40097;1
40241;1
17195;0
15851;0
29152;0
37811;1
24988;0
37096;0
17728;0
7720;0
39092;1
2054;0
34060;0
9785;0
18509;0
5764;0
24530;0
3192;0
39226;1
14149;0
2683;0
7724;0
12524;0
14795;1
14103;1
34042;0
1810;0
17857;0
211;0
14441;0
18129;1
4345;0
15744;1
7711;0
36739;1
6843;0
14119;0
22108;0
4567;0
4867;0
17030;0
22198;1
22463;0
276;0
25902;0
23127;0
12318;0
19081;0
12624;0
19420;0
17380;0
23905;0
13358;0
25576;0
29952;0
23741;0
4040;0
21071;0
18444;0
39263;0
37082;0
36436;0
1134;0
15398;0
8319;0
26945;0
16985;0
31997;1
32313;0
5023;0
33588;0
8186;0
10942;0
1624;0
11557;0
24822;0
14981;0
18087;0
939;0
37909;0
23178;0
34881;0
33522;0
20787;0
5024;0
18703;0
10414;0
11355;0
6277;0
34088;1
29762;0
34037;0
26570;0
39738;1
22632;0
40955;1
20610;0
12745;0
34107;0
30492;0
20687;0
852;0
26913;0
4804;0
31452;0
17392;0
11879;0
2881;0
850;0
34860;1
13108;0
22449;0
15241;0
4283;0
31720;0
22847;0
11304;0
8137;0
19977;0
37119;0
40527;0
32368;0
13083;0
28775;0
29413;0
12255;0
36793;0
27788;0
24651;0
22912;0
13737;1
24170;0
4100;0
22289;0
5631;0
19901;0
21826;0
3549;0
28829;0
8462;0
22171;0
37837;0
39198;1
20640;0
20152;0
1651;0
13447;0
33007;0
5594;0
7785;0
15709;0
21422;0
13252;0
5766;0
1852;0
34474;1
5474;0
36893;0
17409;0
24653;0
26067;0
24933;0
4953;0
18066;0
2251;0
19046;0
30423;0
18146;0
18026;0
39412;1
28699;0
3882;0
31757;0
11021;0
22005;0
2976;0
39507;0
19862;1
31810;0
28336;0
38967;1
19887;0
3181;0
31450;0
22477;0
33574;0
35340;0
31793;0
39954;1
34035;0
12823;1
8241;0
41105;0
17123;0
13305;0
22562;0
12503;0
38330;1
18415;0
23207;0
66;0
16578;0
38538;1
9283;0
40607;0
9601;0
4197;0
39545;1
8004;0
13645;0
40533;0
16358;0
11263;0
28038;1
38545;0
27171;0
37609;1
3396;0
26124;0
20443;0
1294;0
20360;0
5836;0
33793;0
8055;0
40967;0
6737;0
26064;0
19465;0
4752;1
27513;0
12688;0
13280;0
19322;0
33083;0
27683;0
1423;0
16316;0
14980;0
22713;0
22270;0
29321;0
39609;0
11371;0
26638;0
21702;0
20649;0
10845;0
15527;0
27757;0
30422;1
5316;0
32774;0
34454;1
28455;0
38025;1
25801;0
33541;0
14628;0
9815;0
40214;0
31415;0
20022;0
31628;0
31932;1
1985;0
24123;0
11297;0
26804;0
16338;0
9131;0
16076;0
18150;1
16743;0
40686;1
16058;1
19903;0
7548;0
34557;0
38191;0
14968;0
4920;0
17806;0
2253;0
18784;0
30988;0
14083;0
26218;0
2449;1
11571;0
2385;0
19514;0
3626;0
31498;0
39737;0
15474;1
3770;0
23997;0
10627;0
26716;0
11980;0
27465;1
15538;0
716;0
12724;0
4910;0
8057;0
14;0
36876;0
23284;0
6530;0
11460;0
20557;0
17045;0
36274;0
10244;0
14426;0
39285;0
8034;0
21988;0
1412;0
9059;0
13733;0
16456;0
15807;0
22186;0
39772;1
13943;0
36879;0
7662;0
41181;1
3588;0
36355;0
33134;0
33181;0
36107;0
30061;0
18708;0
6103;0
23909;0
24657;0
33803;0
11861;0
20758;0
4271;0
15977;0
9695;0
21918;0
14634;0
1119;0
28423;1
1397;0
2381;0
7529;0
18199;0
28022;1
25717;1
25385;1
2681;0
37885;0
23463;0
36615;1
17865;0
3000;0
12126;0
31518;0
17998;0
30880;0
10344;0
29208;1
7342;0
30351;0
23707;0
13181;0
40163;1
19260;0
30617;0
14482;1
18181;0
19196;1
5907;0
23709;0
7225;0
18836;0
37302;0
5709;0
30264;0
32784;0
25320;0
6451;0
33390;0
9252;0
16839;0
33460;0
15633;0
10198;0
30496;1
24881;0
20504;0
24393;0
31875;1
23354;0
6502;0
1346;0
16008;0
4770;0
32835;0
36856;1
1334;0
19042;0
2463;0
1250;0
37669;0
39409;1
39617;1
37971;1
12733;0
17713;0
19365;0
23497;0
7847;0
24582;0
31046;0
11349;0
17367;0
17624;0
28608;0
25123;0
29601;0
39329;1
36214;1
23263;0
38748;1
11969;0
29907;0
17231;0
40632;0
37653;0
35348;0
12817;0
27534;0
3424;0
13257;0
9210;0
958;0
18410;0
21425;0
37984;1
8559;0
33307;0
17484;0
32769;0
19189;0
25397;0
19759;0
13136;0
18368;0
199;0
29992;0
14805;1
6183;0
15847;0
16355;0
38714;0
2413;0
6905;0
3762;0
7806;0
37819;0
3382;0
14063;0
21317;0
18292;0
11286;0
29779;0
1326;0
3156;0
20675;0
17398;0
33036;0
9796;1
24758;0
38233;0
9271;0
40946;0
35257;0
14289;0
14802;0
3060;0
25741;0
16787;0
35502;0
40348;1
29613;0
29892;0
30910;0
20786;0
4681;0
38385;0
23346;0
9096;0
31584;0
16766;0
23322;0
11278;0
35736;0
38890;0
24795;0
22342;0
17469;0
40929;1
14027;0
23604;0
5964;0
21838;0
35131;0
1900;0
7465;0
28770;0
16035;0
110;0
370;0
32443;0
37295;0
36172;0
4688;0
24954;0
27985;0
18602;1
20589;0
1953;0
11532;1
11362;0
23205;0
4162;0
2368;0
3037;0
17175;0
5811;0
33607;0
28405;0
35292;0
1768;0
37118;0
19296;0
15711;0
7933;1
15953;0
23560;0
4766;0
25830;0
29819;0
2734;0
30583;0
34090;0
421;0
1256;1
10443;0
21468;0
24365;0
3877;0
33131;0
17746;0
27042;0
23791;0
15088;0
18053;0
29956;0
27710;0
27288;1
20332;0
15198;0
35813;1
31369;0
23107;0
25709;0
32008;0
32274;0
29508;0
16264;0
37254;0
5730;0
21680;0
35073;0
18851;0
15104;0
21965;0
23211;0
15831;0
17021;0
31906;0
27626;0
40817;0
1473;0
32967;0
36403;0
7504;0
27508;0
7191;0
6688;0
34503;0
35960;0
30222;0
2622;0
38715;1
36746;0
20032;0
37347;0
31964;0
30059;1
34149;0
2346;0
21756;0
13318;0
28959;0
40918;0
16119;0
5844;0
2128;0
2970;0
24871;0
39352;1
15682;0
11647;0
36326;0
40330;0
12916;0
22717;0
15972;0
21890;0
24588;0
35496;0
20278;0
30257;0
10296;0
17858;0
33166;0
3989;0
40425;0
14287;0
29315;0
16012;0
31998;0
11009;0
27037;0
23634;0
1807;0
23052;0
12959;0
35046;0
34670;1
23424;0
12304;0
22376;0
5298;0
19830;0
38356;1
24779;0
32004;0
36831;1
2080;0
33174;1
29261;0
31926;0
16336;0
1974;0
5037;0
32594;0
23447;0
30998;0
1332;0
12258;0
18114;1
29535;0
40395;1
38089;1
7203;0
31121;1
39819;0
35307;0
37712;0
29592;0
13433;0
31152;0
6892;0
11294;0
14686;1
30915;0
9885;0
5995;0
23032;1
16229;0
27331;0
23897;0
26731;0
10744;0
31005;0
20457;0
21766;0
27218;0
35283;0
19519;0
6212;0
33471;0
14314;0
33507;1
8600;0
38712;1
7983;1
38990;1
25173;0
39793;0
21940;0
3361;0
25821;0
14483;0
23281;0
8484;0
6296;0
17304;0
2238;0
2066;0
11232;0
998;0
36705;1
3917;0
5741;0
36288;0
24168;0
22867;0
15184;0
17663;0
18141;0
1861;0
16601;0
40391;1
9250;0
583;0
23145;0
7878;0
7534;0
7761;0
9301;0
2915;0
35811;0
8461;0
12748;0
35589;0
16896;0
32303;0
32141;0
40551;0
4067;0
39865;0
8601;0
35470;0
37566;1
1166;1
40170;0
13536;0
9519;0
5198;0
25730;0
39725;1
18103;1
12883;0
215;0
36597;1
33562;0
17029;0
39898;0
29246;0
14528;0
19460;0
29069;0
10455;0
24347;0
21266;0
87;0
39098;1
2983;0
30941;1
29881;0
18663;0
13377;0
2442;0
38685;1
11128;0
23737;0
5200;0
35492;0
37275;0
2860;0
27312;0
17194;0
11697;0
4734;0
38514;1
33082;0
17774;0
19376;0
25231;0
33466;0
9354;0
1939;0
9808;0
30744;1
12944;0
30442;0
36623;0
9830;0
23512;0
18284;1
38759;1
847;0
3728;0
9330;0
25781;0
35902;0
644;0
39246;1
30752;0
39965;0
29555;0
37747;0
1323;0
21961;0
20566;0
40624;0
19116;0
9799;0
20744;0
40358;1
14358;0
36808;0
31428;0
18298;0
9130;0
21496;0
28869;0
25004;0
28542;0
7404;1
35387;0
624;0
39722;0
7957;0
17416;0
7649;0
33114;0
38065;0
32404;0
15679;0
34757;0
33256;0
28415;0
8607;1
8757;0
16694;0
7101;0
21092;0
30996;0
32681;0
29304;0
30291;1
16374;0
14024;0
2383;0
16664;0
35377;1
18472;0
32876;0
36110;0
26551;0
37986;0
14804;0
39467;0
20301;0
19437;1
3480;0
1703;0
1585;0
10900;0
31864;0
35436;0
25210;0
34519;0
33572;0
33122;0
13319;0
31044;0
13346;0
17975;0
39431;0
14745;0
18646;0
31135;0
4997;0
25519;1
9133;0
27138;0
39975;1
3625;0
12116;0
30427;0
7398;0
16080;0
22834;0
12105;0
36579;1
11507;0
6894;0
20095;0
38631;0
13613;0
31656;0
3820;0
1921;0
13297;0
11696;0
28204;1
5369;0
12094;0
658;0
31147;0
9478;0
17623;0
2489;0
7713;0
29432;1
23947;0
3584;0
27853;1
22556;0
39503;1
17749;1
9540;0
4600;0
9291;0
24928;1
15116;0
15970;0
1790;0
4808;0
31780;0
17753;0
20097;0
29440;0
23272;0
6935;0
8520;0
20607;0
20733;1
19560;0
27924;0
19561;0
29657;0
26720;0
6739;0
10222;0
21003;0
833;0
12147;0
3176;0
40904;0
16086;0
35127;0
27742;1
6529;0
31569;0
4724;0
35630;1
36578;0
1733;0
16094;0
11280;0
7113;0
38375;0
19762;0
3787;0
18514;1
13499;0
37654;0
30411;1
40652;1
11852;0
5635;0
2476;0
18417;0
5646;0
21822;0
23756;0
3106;0
31333;0
25448;0
27794;0
30709;0
4936;0
35824;0
31503;1
28527;0
37215;0
36202;0
24566;0
38192;0
38588;0
5360;0
40862;0
40258;1
31108;0
18113;0
41094;0
8370;0
15340;0
24501;0
16079;0
14137;1
5211;0
17757;1
5979;0
19151;0
30157;1
6535;0
12694;0
17612;0
12045;0
24581;0
14892;1
10910;0
11111;0
15453;0
4784;0
37253;0
25382;0
27297;0
11338;0
18059;0
12620;0
5131;0
23194;0
37755;1
17748;0
27319;0
12052;0
21928;0
13474;0
34748;0
28606;0
25595;0
7573;0
19760;0
11307;0
16191;0
584;0
10196;0
6205;0
12083;0
36659;1
2469;0
19693;0
